review,sentiment
"A brilliant film with wonderful acting and a moving story. I enjoyed it and would happily recommend it.",positive
"I loved the characters and the beautiful ending. Overall, this was a good and satisfying movie.",positive
"Excellent performances made this movie unforgettable. It was enjoyable and well worth watching.",positive
"The story was engaging, warm and surprisingly funny. I enjoyed it and would happily recommend it.",positive
"A fantastic movie that I would happily watch again. Overall, this was a good and satisfying movie.",positive
"The direction was confident and the cast was outstanding. It was enjoyable and well worth watching.",positive
"This was a delightful experience from beginning to end. I enjoyed it and would happily recommend it.",positive
"Smart writing and strong acting made every scene work. Overall, this was a good and satisfying movie.",positive
"The film had real heart and an inspiring message. It was enjoyable and well worth watching.",positive
"A charming story with memorable characters and great music. I enjoyed it and would happily recommend it.",positive
"The plot was exciting and the final scene was satisfying. Overall, this was a good and satisfying movie.",positive
"I enjoyed the humour, pacing and thoughtful dialogue. It was enjoyable and well worth watching.",positive
"A powerful performance carried this excellent drama. I enjoyed it and would happily recommend it.",positive
"Creative, emotional and beautifully photographed. Overall, this was a good and satisfying movie.",positive
"The movie was fun, energetic and easy to recommend. It was enjoyable and well worth watching.",positive
"A touching film with believable characters and a strong script. I enjoyed it and would happily recommend it.",positive
"The actors were excellent and the story kept me interested. Overall, this was a good and satisfying movie.",positive
"This is an entertaining movie with a rewarding conclusion. It was enjoyable and well worth watching.",positive
"The comedy was clever and the whole cast had great chemistry. I enjoyed it and would happily recommend it.",positive
"A well-made film that balances emotion and humour. Overall, this was a good and satisfying movie.",positive
"The visuals were stunning and the story felt meaningful. It was enjoyable and well worth watching.",positive
"I was impressed by the thoughtful writing and superb acting. I enjoyed it and would happily recommend it.",positive
"A genuinely enjoyable movie with many memorable moments. Overall, this was a good and satisfying movie.",positive
"The film was beautifully paced and emotionally satisfying. It was enjoyable and well worth watching.",positive
"Wonderful direction turned a simple story into something special. I enjoyed it and would happily recommend it.",positive
"The soundtrack, acting and cinematography were all excellent. Overall, this was a good and satisfying movie.",positive
"An uplifting movie that left me smiling. It was enjoyable and well worth watching.",positive
"The plot was clear, exciting and full of heart. I enjoyed it and would happily recommend it.",positive
"A strong cast delivered a convincing and enjoyable story. Overall, this was a good and satisfying movie.",positive
"Brilliant storytelling made this one of my favourite films. It was enjoyable and well worth watching.",positive
"A terrible film with weak acting and a confusing story. Overall, this was a bad and disappointing movie.",negative
"I disliked the characters and the ending was disappointing. It was unpleasant and difficult to enjoy.",negative
"Poor performances made this movie painful to finish. I disliked it and would definitely avoid it.",negative
"The story was boring, slow and completely predictable. Overall, this was a bad and disappointing movie.",negative
"An awful movie that I would never watch again. It was unpleasant and difficult to enjoy.",negative
"The direction was careless and the cast looked uncomfortable. I disliked it and would definitely avoid it.",negative
"This was a frustrating experience from beginning to end. Overall, this was a bad and disappointing movie.",negative
"Weak writing and flat acting ruined every scene. It was unpleasant and difficult to enjoy.",negative
"The film had no energy and the message felt empty. I disliked it and would definitely avoid it.",negative
"A dull story with forgettable characters and annoying music. Overall, this was a bad and disappointing movie.",negative
"The plot was messy and the final scene was unsatisfying. It was unpleasant and difficult to enjoy.",negative
"I hated the humour, pacing and unnatural dialogue. I disliked it and would definitely avoid it.",negative
"A lifeless performance dragged down this poor drama. Overall, this was a bad and disappointing movie.",negative
"Unoriginal, tedious and badly photographed. It was unpleasant and difficult to enjoy.",negative
"The movie was dull, repetitive and difficult to recommend. I disliked it and would definitely avoid it.",negative
"A disappointing film with unbelievable characters and a weak script. Overall, this was a bad and disappointing movie.",negative
"The actors were unconvincing and the story lost my interest. It was unpleasant and difficult to enjoy.",negative
"This is a tedious movie with a pointless conclusion. I disliked it and would definitely avoid it.",negative
"The comedy was forced and the cast had no chemistry. Overall, this was a bad and disappointing movie.",negative
"A badly made film that struggles with both emotion and humour. It was unpleasant and difficult to enjoy.",negative
"The visuals were ugly and the story felt meaningless. I disliked it and would definitely avoid it.",negative
"I was frustrated by the lazy writing and wooden acting. Overall, this was a bad and disappointing movie.",negative
"A genuinely unpleasant movie with many forgettable moments. It was unpleasant and difficult to enjoy.",negative
"The film was poorly paced and emotionally empty. I disliked it and would definitely avoid it.",negative
"Careless direction turned a simple story into a complete mess. Overall, this was a bad and disappointing movie.",negative
"The soundtrack, acting and cinematography were all disappointing. It was unpleasant and difficult to enjoy.",negative
"A depressing movie that left me annoyed. I disliked it and would definitely avoid it.",negative
"The plot was unclear, boring and without any heart. Overall, this was a bad and disappointing movie.",negative
"A weak cast delivered an unconvincing and unpleasant story. It was unpleasant and difficult to enjoy.",negative
"Terrible storytelling made this one of the worst films I have seen. I disliked it and would definitely avoid it.",negative
